Title,ISBN,Publisher,Publish Year
Don Quixote,9781447668510,"Lulu Press, Inc.",2023
Alice's Adventures in Wonderland,9789758686797,Norgunk Yayıncılık,2015
The Adventures of Huckleberry Finn,9783337176426,Creation Publishers,2017
The Adventures of Tom Sawyer,9788328839946,Wolne Lektury,2019
Treasure Island,9783737202268,Vero Verlag GmbH & Company KG,2014
Pride and Prejudice,9781009432580,Cambridge University Press,2024
Wuthering Heights,9788804671282,Mondadori,2017
Jane Eyre,843761449X,Cátedra,1999
Moby Dick,9789352766949,Om Books International,2019
The Scarlet Letter,9798711228158,Independently Published,2021
Gulliver's Travels,9788563560124,Penguin,"Dec 14, 2010"
The Pilgrim's Progress,9783501013601,St.-Johannis-Druckerei,"January 1, 1998"
A Christmas Carol,9781906332174,Classical Commics,2019
David Copperfield,9780396082569,Dodd Mead,November 1984
A Tale of Two Cities,9788817058285,BUR,2014
Little Women,9788494326776,"Get a Book Editions, S.L.","Mar 19, 2014"
Great Expectations,9781405880350,Pearson,"Feb 26, 2008"
The Hobbit,9786176642145,Астролябія,2020
Frankenstein,9788491058083,Penguin,2026
Oliver Twist,9781611092509,Amazon Publishing,"September 6, 2012"
Uncle Tom's Cabin,9780861161348,Imprint unknown,1979-07-31
Crime and Punishment,9780544180918,Houghton Mifflin Harcourt Publishing Company,2011
Madame Bovary,3458333363,Insel Verlag,1994
The Return of the King,9789934207433,Jumava,2026
Dracula,9781547151578,CreateSpace Independent Publishing Platform,2017
The Three Musketeers,9787561140963,Ta lian li gong ta xue chu ban she,2008
Brave New World,9780375712364,Neal-Schuman Publishing,2013
War and Peace,9789750512322,İletişim Yayıncılık,2003
To Kill a Mockingbird,9780099549482,Penguin,2020
The Wizard of Oz,9798719600505,Independently Published,2021
Les Misérables,9787532227228,Shang hai ren min mei shu chu ban she,2010
The Secret Garden,9789390213009,Wilco,2020
Animal Farm,9780547370224,Mariner Books Classics,"July 1, 2009"
The Great Gatsby,9783730600009,Anaconda,2020
The Little Prince,9781467707374,Graphic Universe,2013
The Call of the Wild,9789349182516,Lexicon Books,1903
"20,000 Leagues Under the Sea",9780142406649,Penguin Publishing Group,2006
Anna Karenina,9780345803924,Vintage Books,2012
The Wind in the Willows,9798510130737,Independently Published,2021
The Picture of Dorian Gray,9789723908732,Porto Editora,1/8/2020
The Grapes of Wrath,9786070785580,Editorial Planeta Mexicana,2024
Sense and Sensibility,0585010080,Project Gutenberg,199u
The Last of the Mohicans,9781623958305,Xist Publishing,2015
Tess of the d'Urbervilles,9780230035324,Macmillan Education Australia,2008
Harry Potter and the Sorcerer's Stone,9780439286237,Scholastic,2001
Heidi,9780590701891,"Scholastic Pulications Ltd., London",1982
Ulysses,9753860080,Yaba Yayınları,1993
The Complete Sherlock Holmes,9780670918454,"Penguin Books, Limited",2009
The Count of Monte Cristo,9782894952139,Éditions ABC,2003
The Old Man and the Sea,9780099908401,Arrow Books,2004
"The Lion, the Witch and the Wardrobe",9783764150433,Ueberreuter,"January 26, 2014"
The Hunchback of Notre Dame,9780760705247,Grandreams USA,1996-01-01
Pinocchio,9788402087751,Bruguera,1982
One Hundred Years of Solitude,0805779892,Twayne Publishers,1991
Ivanhoe,9798796702604,Independently Published,2022
The Red Badge of Courage,9788439280132,Ediciones Gaviota,1985
Anne of Green Gables,9781790312924,Independently Published,2018
Black Beauty,9783785520109,Loews Verlag,1985
Peter Pan,9780956613660,Merchiston Publishing,2011
A Farewell to Arms,9780099910107,Arrow Books,2004
The House of the Seven Gables,0140390057,Penguin,1981
Lord of the Flies,9788556521224,Alfaguara,07/06/2021
The Prince and the Pauper,9781017979435,"Creative Media Partners, LLC",2022
A Portrait of the Artist as a Young Man,9781537429441,CreateSpace Independent Publishing Platform,2016
Lord Jim,3257201281,Diogenes,1988
Harry Potter and the Chamber of Secrets,9781551927282,Raincoast Books,2004
Red and Black,9780205692378,Prentice Hall,2009
The Stranger,9788498411195,Siruela,2007
The Trial,9780606234306,Turtleback Books,2011
Lady Chatterley's Lover,9781840224887,Wordsworth,2005
Kidnapped,9780004246369,Collins,1974-07-01
The Catcher in the Rye,9788587575012,Editora do Autor,2012
Fahrenheit 451,9506144419,hyspamerica,1986
Journey to the Centre of the Earth,9781515400370,Fantastic Books,"Apr 12, 2016"
Vanity Fair,9781609772208,Start Publishing LLC,2014
All Quiet on the Western Front,9781515463726,"Wilder Publications, Incorporated",2024
Gone with the Wind,9798574394465,Independently Published,2020
My Ántonia,9781688526242,Independently Published,2019
Of Mice and Men,9786056482113,Lazi Kültür Yayınları,2014
The Vicar of Wakefield,9781977712752,CreateSpace Independent Publishing Platform,2017
A Connecticut Yankee in King Arthur's Court,9798772022795,Independently Published,2021
White Fang,9781516998753,CreateSpace Independent Publishing Platform,2015
Fathers and Sons,9781847023216,Echo Library,"June 5, 2006"
Doctor Zhivago,9780582416956,PENGUIN LONGMAN PUBL,"November 26, 1999"
The Decameron,9789025434731,Pandora,2011
Nineteen Eighty-Four,9781976304699,CreateSpace Independent Publishing Platform,2017
The Jungle,9781539952916,CreateSpace Independent Publishing Platform,2016
The Da Vinci Code,9786073930178,Editorial Planeta Mexicana,2025
Persuasion,9788537815533,Zahar,2016
Mansfield Park,9788544002452,Martin Claret,2019
Candide,9781496007063,CreateSpace Independent Publishing Platform,1918
For Whom the Bell Tolls,9780224035712,Penguin Random House,1992
Far from the Madding Crowd,0585018979,Wiretap,199u
The Fellowship of the Ring,9789984055794,Jumava,2002
The Return of the Native,9781591940449,Townsend Press,"May 01, 2005"
Sons and Lovers,9780451018298,Penguin Publishing Group,1960
Charlotte's Web,0064400557,harper and brothers,10/15/1952
The Swiss Family Robinson,9781442458567,"Simon & Schuster, Limited",2012
Bleak House,9781021529800,"Creative Media Partners, LLC",2023
Père Goriot,9781096415466,Independently Published,2019
