userid,filepath,heardText,heardTextSim,misheardText,misheardTextSim
20b7da9e-7510-49b9-b329-2471910d18db,C:\Users\lukas\Documents\Universitaet\Projektmodul_Data_Engineering_Phonetische_Fehler\generate_phonetic_mistakes\res\audio_dirty\survey_audio_noisy\survey_noisy_20.wav,2017,0.9835957884788513, 2013,0.9829006195068359
20b7da9e-7510-49b9-b329-2471910d18db,,Forces,, Forces,
20b7da9e-7510-49b9-b329-2471910d18db,C:\Users\lukas\Documents\Universitaet\Projektmodul_Data_Engineering_Phonetische_Fehler\generate_phonetic_mistakes\res\audio_dirty\survey_audio_noisy_ncvoter\survey_noisy_3.wav,59,0.9746845960617065, I want to rock right now.,0.9800344705581665
20b7da9e-7510-49b9-b329-2471910d18db,C:\Users\lukas\Documents\Universitaet\Projektmodul_Data_Engineering_Phonetische_Fehler\generate_phonetic_mistakes\res\audio_dirty\survey_audio_noisy\survey_noisy_11.wav,2090,0.9817190766334534, 2090.,0.9802906513214111
20b7da9e-7510-49b9-b329-2471910d18db,C:\Users\lukas\Documents\Universitaet\Projektmodul_Data_Engineering_Phonetische_Fehler\generate_phonetic_mistakes\res\audio_dirty\survey_audio_noisy\survey_noisy_12.wav,Treasure Eye,0.9618719816207886, Treasurer Fight !,0.9682415127754211
20b7da9e-7510-49b9-b329-2471910d18db,C:\Users\lukas\Documents\Universitaet\Projektmodul_Data_Engineering_Phonetische_Fehler\generate_phonetic_mistakes\res\audio_dirty\survey_audio_noisy_ncvoter\survey_noisy_12.wav,Metal remind Miss,0.9740474224090576, Metal Remind Maze,0.9746491312980652
20b7da9e-7510-49b9-b329-2471910d18db,,Ulysses,,esses,
20b7da9e-7510-49b9-b329-2471910d18db,C:\Users\lukas\Documents\Universitaet\Projektmodul_Data_Engineering_Phonetische_Fehler\generate_phonetic_mistakes\res\audio_dirty\survey_audio_noisy_ncvoter\survey_noisy_35.wav,Ethan Grand Cumpleton,0.9842512011528015, Ethan Glenn Cumberton.,0.9797723889350891
20b7da9e-7510-49b9-b329-2471910d18db,C:\Users\lukas\Documents\Universitaet\Projektmodul_Data_Engineering_Phonetische_Fehler\generate_phonetic_mistakes\res\audio_dirty\survey_audio_noisy_ncvoter\survey_noisy_13.wav,Cupperes,0.9561513662338257, cup arrest.,0.965297520160675
20b7da9e-7510-49b9-b329-2471910d18db,,2015,, 2015.,
20b7da9e-7510-49b9-b329-2471910d18db,C:\Users\lukas\Documents\Universitaet\Projektmodul_Data_Engineering_Phonetische_Fehler\generate_phonetic_mistakes\res\audio_dirty\survey_audio_noisy_ncvoter\survey_noisy_34.wav,Hopptyfive,0.9623203277587891, Optifide,0.9658752679824829
20b7da9e-7510-49b9-b329-2471910d18db,C:\Users\lukas\Documents\Universitaet\Projektmodul_Data_Engineering_Phonetische_Fehler\generate_phonetic_mistakes\res\audio_dirty\survey_audio_noisy\survey_noisy_10.wav,One electoree,0.9838585257530212, One electric.,0.9874310493469238
20b7da9e-7510-49b9-b329-2471910d18db,C:\Users\lukas\Documents\Universitaet\Projektmodul_Data_Engineering_Phonetische_Fehler\generate_phonetic_mistakes\res\audio_dirty\survey_audio_noisy_ncvoter\survey_noisy_11.wav,58,0.9814648032188416, Fessy family,0.983587920665741
20b7da9e-7510-49b9-b329-2471910d18db,C:\Users\lukas\Documents\Universitaet\Projektmodul_Data_Engineering_Phonetische_Fehler\generate_phonetic_mistakes\res\audio_dirty\survey_audio_noisy_ncvoter\survey_noisy_4.wav,Robert Philipp Hamill,0.9813218116760254, Robert Philip Hamill,0.9813218116760254
20b7da9e-7510-49b9-b329-2471910d18db,C:\Users\lukas\Documents\Universitaet\Projektmodul_Data_Engineering_Phonetische_Fehler\generate_phonetic_mistakes\res\audio_dirty\survey_audio_noisy_ncvoter\survey_noisy_15.wav,Text denied,0.9914606213569641, Text inite.,0.993506133556366
20b7da9e-7510-49b9-b329-2471910d18db,,38,, 38,
20b7da9e-7510-49b9-b329-2471910d18db,C:\Users\lukas\Documents\Universitaet\Projektmodul_Data_Engineering_Phonetische_Fehler\generate_phonetic_mistakes\res\audio_dirty\survey_audio_noisy\survey_noisy_21.wav,Denied,0.9795874357223511, J-Mail.,0.9832804203033447
5cf42987-186c-4fdc-8f11-0bfef7c033f4,C:\Users\lukas\Documents\Universitaet\Projektmodul_Data_Engineering_Phonetische_Fehler\generate_phonetic_mistakes\res\audio_clean\survey_audio_clean_ncvoter\survey_clean_32.wav,donald h di brten,0.9866520762443542, Donald Monique Bruton,0.9871148467063904
5cf42987-186c-4fdc-8f11-0bfef7c033f4,C:\Users\lukas\Documents\Universitaet\Projektmodul_Data_Engineering_Phonetische_Fehler\generate_phonetic_mistakes\res\audio_dirty\survey_audio_noisy\survey_noisy_16.wav,cam university press,0.9756746888160706, came at University Press.,0.9793902635574341
5cf42987-186c-4fdc-8f11-0bfef7c033f4,C:\Users\lukas\Documents\Universitaet\Projektmodul_Data_Engineering_Phonetische_Fehler\generate_phonetic_mistakes\res\audio_dirty\survey_audio_noisy\survey_noisy_18.wav,wuthering heigh,0.9690971374511719, wandering height.,0.9661954641342163
5cf42987-186c-4fdc-8f11-0bfef7c033f4,C:\Users\lukas\Documents\Universitaet\Projektmodul_Data_Engineering_Phonetische_Fehler\generate_phonetic_mistakes\res\audio_dirty\survey_audio_noisy_ncvoter\survey_noisy_10.wav,wye valley,0.9437882900238037, wait and,0.9395144581794739
5cf42987-186c-4fdc-8f11-0bfef7c033f4,,alices adventures in wonderland,, Alices adventures in Wunderland.,
5cf42987-186c-4fdc-8f11-0bfef7c033f4,C:\Users\lukas\Documents\Universitaet\Projektmodul_Data_Engineering_Phonetische_Fehler\generate_phonetic_mistakes\res\audio_dirty\survey_audio_noisy_ncvoter\survey_noisy_14.wav,dont cook,0.970260739326477, 10 quarts.,0.9709832668304443
5cf42987-186c-4fdc-8f11-0bfef7c033f4,C:\Users\lukas\Documents\Universitaet\Projektmodul_Data_Engineering_Phonetische_Fehler\generate_phonetic_mistakes\res\audio_dirty\survey_audio_noisy\survey_noisy_1.wav,lull rosing,0.97934889793396, Lulu pressing.,0.9756301045417786
5cf42987-186c-4fdc-8f11-0bfef7c033f4,C:\Users\lukas\Documents\Universitaet\Projektmodul_Data_Engineering_Phonetische_Fehler\generate_phonetic_mistakes\res\audio_dirty\survey_audio_noisy_ncvoter\survey_noisy_30.wav,cookie setting,0.9663814902305603, Orum D.,0.9665483236312866
5cf42987-186c-4fdc-8f11-0bfef7c033f4,,20mill3,, 2000. Id be free.,
5cf42987-186c-4fdc-8f11-0bfef7c033f4,C:\Users\lukas\Documents\Universitaet\Projektmodul_Data_Engineering_Phonetische_Fehler\generate_phonetic_mistakes\res\audio_clean\survey_audio_clean_ncvoter\survey_clean_20.wav,sarah kay boyle,0.9960098266601562, Sarah K. Hoyle.,0.9960154294967651
5cf42987-186c-4fdc-8f11-0bfef7c033f4,C:\Users\lukas\Documents\Universitaet\Projektmodul_Data_Engineering_Phonetische_Fehler\generate_phonetic_mistakes\res\audio_dirty\survey_audio_noisy\survey_noisy_5.wav,2050,0.9590198397636414, 2050,0.9590198397636414
5cf42987-186c-4fdc-8f11-0bfef7c033f4,,james edward barron,, James Edward Barron,
91384bf9-7241-4d94-a762-4dbd73d7970d,C:\Users\lukas\Documents\Universitaet\Projektmodul_Data_Engineering_Phonetische_Fehler\generate_phonetic_mistakes\res\audio_dirty\survey_audio_noisy\survey_noisy_25.wav,on vox international,0.9591627717018127, on Box International.,0.9583504796028137
91384bf9-7241-4d94-a762-4dbd73d7970d,C:\Users\lukas\Documents\Universitaet\Projektmodul_Data_Engineering_Phonetische_Fehler\generate_phonetic_mistakes\res\audio_dirty\survey_audio_noisy\survey_noisy_21.wav,jean air,0.9851033687591553, J-Mail.,0.9832804203033447
91384bf9-7241-4d94-a762-4dbd73d7970d,,38,, 38,
91384bf9-7241-4d94-a762-4dbd73d7970d,,2024,," whove else, and then 24?",
91384bf9-7241-4d94-a762-4dbd73d7970d,C:\Users\lukas\Documents\Universitaet\Projektmodul_Data_Engineering_Phonetische_Fehler\generate_phonetic_mistakes\res\audio_dirty\survey_audio_noisy\survey_noisy_18.wav,withering height,0.9589442014694214, wandering height.,0.9661954641342163
91384bf9-7241-4d94-a762-4dbd73d7970d,,forces,, Forces,
91384bf9-7241-4d94-a762-4dbd73d7970d,,Ulysses,,esses,
91384bf9-7241-4d94-a762-4dbd73d7970d,C:\Users\lukas\Documents\Universitaet\Projektmodul_Data_Engineering_Phonetische_Fehler\generate_phonetic_mistakes\res\audio_dirty\survey_audio_noisy\survey_noisy_0.wav,concilde,0.9733414649963379, Von Gilda,0.9710981249809265
91384bf9-7241-4d94-a762-4dbd73d7970d,C:\Users\lukas\Documents\Universitaet\Projektmodul_Data_Engineering_Phonetische_Fehler\generate_phonetic_mistakes\res\audio_dirty\survey_audio_noisy_ncvoter\survey_noisy_15.wav,69,0.9881576895713806, Text inite.,0.993506133556366
91384bf9-7241-4d94-a762-4dbd73d7970d,C:\Users\lukas\Documents\Universitaet\Projektmodul_Data_Engineering_Phonetische_Fehler\generate_phonetic_mistakes\res\audio_dirty\survey_audio_noisy_ncvoter\survey_noisy_34.wav,up to five,0.9669028520584106, Optifide,0.9658752679824829
91384bf9-7241-4d94-a762-4dbd73d7970d,C:\Users\lukas\Documents\Universitaet\Projektmodul_Data_Engineering_Phonetische_Fehler\generate_phonetic_mistakes\res\audio_dirty\survey_audio_noisy_ncvoter\survey_noisy_22.wav,for all these,0.9698484539985657, Valdies.,0.9693810939788818
91384bf9-7241-4d94-a762-4dbd73d7970d,C:\Users\lukas\Documents\Universitaet\Projektmodul_Data_Engineering_Phonetische_Fehler\generate_phonetic_mistakes\res\audio_dirty\survey_audio_noisy_ncvoter\survey_noisy_14.wav,don quichote,0.9741461277008057, 10 quarts.,0.9709832668304443
91384bf9-7241-4d94-a762-4dbd73d7970d,C:\Users\lukas\Documents\Universitaet\Projektmodul_Data_Engineering_Phonetische_Fehler\generate_phonetic_mistakes\res\audio_dirty\survey_audio_noisy\survey_noisy_19.wav,mandatory,0.9831334352493286, Montadori,0.9794591665267944
91384bf9-7241-4d94-a762-4dbd73d7970d,C:\Users\lukas\Documents\Universitaet\Projektmodul_Data_Engineering_Phonetische_Fehler\generate_phonetic_mistakes\res\audio_dirty\survey_audio_noisy\survey_noisy_1.wav,lulu press inc.,0.9792734384536743, Lulu pressing.,0.9756301045417786
91384bf9-7241-4d94-a762-4dbd73d7970d,C:\Users\lukas\Documents\Universitaet\Projektmodul_Data_Engineering_Phonetische_Fehler\generate_phonetic_mistakes\res\audio_dirty\survey_audio_noisy\survey_noisy_4.wav,nordicon inselect,0.9757287502288818, nor gong in sudeck,0.9786485433578491
91384bf9-7241-4d94-a762-4dbd73d7970d,C:\Users\lukas\Documents\Universitaet\Projektmodul_Data_Engineering_Phonetische_Fehler\generate_phonetic_mistakes\res\audio_dirty\survey_audio_noisy\survey_noisy_10.wav,uniliterally,0.9832263588905334, One electric.,0.9874310493469238
91384bf9-7241-4d94-a762-4dbd73d7970d,C:\Users\lukas\Documents\Universitaet\Projektmodul_Data_Engineering_Phonetische_Fehler\generate_phonetic_mistakes\res\audio_dirty\survey_audio_noisy_ncvoter\survey_noisy_12.wav,metaphor remind mess,0.9714013338088989, Metal Remind Maze,0.9746491312980652
91384bf9-7241-4d94-a762-4dbd73d7970d,C:\Users\lukas\Documents\Universitaet\Projektmodul_Data_Engineering_Phonetische_Fehler\generate_phonetic_mistakes\res\audio_dirty\survey_audio_noisy\survey_noisy_11.wav,2019,0.9815256595611572, 2090.,0.9802906513214111
91384bf9-7241-4d94-a762-4dbd73d7970d,C:\Users\lukas\Documents\Universitaet\Projektmodul_Data_Engineering_Phonetische_Fehler\generate_phonetic_mistakes\res\audio_dirty\survey_audio_noisy_ncvoter\survey_noisy_4.wav,robert phillip hamil,0.9813218116760254, Robert Philip Hamill,0.9813218116760254
91384bf9-7241-4d94-a762-4dbd73d7970d,C:\Users\lukas\Documents\Universitaet\Projektmodul_Data_Engineering_Phonetische_Fehler\generate_phonetic_mistakes\res\audio_clean\survey_audio_clean_ncvoter\survey_clean_20.wav,sarah k. hoyle,0.9965936541557312, Sarah K. Hoyle.,0.9960154294967651
91384bf9-7241-4d94-a762-4dbd73d7970d,C:\Users\lukas\Documents\Universitaet\Projektmodul_Data_Engineering_Phonetische_Fehler\generate_phonetic_mistakes\res\audio_dirty\survey_audio_noisy_ncvoter\survey_noisy_30.wav,47,0.9544187188148499, Orum D.,0.9665483236312866
91384bf9-7241-4d94-a762-4dbd73d7970d,C:\Users\lukas\Documents\Universitaet\Projektmodul_Data_Engineering_Phonetische_Fehler\generate_phonetic_mistakes\res\audio_dirty\survey_audio_noisy\survey_noisy_16.wav,cambridge university press,0.9783801436424255, came at University Press.,0.9793902635574341
91384bf9-7241-4d94-a762-4dbd73d7970d,C:\Users\lukas\Documents\Universitaet\Projektmodul_Data_Engineering_Phonetische_Fehler\generate_phonetic_mistakes\res\audio_dirty\survey_audio_noisy\survey_noisy_5.wav,2050,0.9590198397636414, 2050,0.9590198397636414
91384bf9-7241-4d94-a762-4dbd73d7970d,C:\Users\lukas\Documents\Universitaet\Projektmodul_Data_Engineering_Phonetische_Fehler\generate_phonetic_mistakes\res\audio_dirty\survey_audio_noisy\survey_noisy_9.wav,you dont venture soft armsville,0.9791079759597778, The Adventures of Times Square,0.9768728613853455
91384bf9-7241-4d94-a762-4dbd73d7970d,C:\Users\lukas\Documents\Universitaet\Projektmodul_Data_Engineering_Phonetische_Fehler\generate_phonetic_mistakes\res\audio_dirty\survey_audio_noisy_ncvoter\survey_noisy_13.wav,cabareth,0.9570868611335754, cup arrest.,0.965297520160675
91384bf9-7241-4d94-a762-4dbd73d7970d,C:\Users\lukas\Documents\Universitaet\Projektmodul_Data_Engineering_Phonetische_Fehler\generate_phonetic_mistakes\res\audio_dirty\survey_audio_noisy_ncvoter\survey_noisy_25.wav,wong gungh,0.9693729281425476, Vomabpad.,0.9662705063819885
91384bf9-7241-4d94-a762-4dbd73d7970d,C:\Users\lukas\Documents\Universitaet\Projektmodul_Data_Engineering_Phonetische_Fehler\generate_phonetic_mistakes\res\audio_dirty\survey_audio_noisy_ncvoter\survey_noisy_24.wav,cannet dobby sanders,0.9839187860488892," Kenneth Douglas-And decade,",0.9785067439079285
91384bf9-7241-4d94-a762-4dbd73d7970d,C:\Users\lukas\Documents\Universitaet\Projektmodul_Data_Engineering_Phonetische_Fehler\generate_phonetic_mistakes\res\audio_dirty\survey_audio_noisy_ncvoter\survey_noisy_11.wav,58,0.9814648032188416, Fessy family,0.983587920665741
91384bf9-7241-4d94-a762-4dbd73d7970d,C:\Users\lukas\Documents\Universitaet\Projektmodul_Data_Engineering_Phonetische_Fehler\generate_phonetic_mistakes\res\audio_dirty\survey_audio_noisy_ncvoter\survey_noisy_29.wav,hazel,0.9486807584762573, Hazel.,0.9689363241195679
91384bf9-7241-4d94-a762-4dbd73d7970d,C:\Users\lukas\Documents\Universitaet\Projektmodul_Data_Engineering_Phonetische_Fehler\generate_phonetic_mistakes\res\audio_dirty\survey_audio_noisy\survey_noisy_12.wav,treasure eight,0.9652173519134521, Treasurer Fight !,0.9682415127754211
91384bf9-7241-4d94-a762-4dbd73d7970d,C:\Users\lukas\Documents\Universitaet\Projektmodul_Data_Engineering_Phonetische_Fehler\generate_phonetic_mistakes\res\audio_dirty\survey_audio_noisy_ncvoter\survey_noisy_38.wav,32,0.9828962683677673, the future,0.9851123094558716
91384bf9-7241-4d94-a762-4dbd73d7970d,C:\Users\lukas\Documents\Universitaet\Projektmodul_Data_Engineering_Phonetische_Fehler\generate_phonetic_mistakes\res\audio_dirty\survey_audio_noisy\survey_noisy_24.wav,moby dick,0.9650219082832336, moping,0.9735550284385681
91384bf9-7241-4d94-a762-4dbd73d7970d,C:\Users\lukas\Documents\Universitaet\Projektmodul_Data_Engineering_Phonetische_Fehler\generate_phonetic_mistakes\res\audio_dirty\survey_audio_noisy_ncvoter\survey_noisy_35.wav,ethan glenn combleton,0.9805451035499573, Ethan Glenn Cumberton.,0.9797723889350891
91384bf9-7241-4d94-a762-4dbd73d7970d,C:\Users\lukas\Documents\Universitaet\Projektmodul_Data_Engineering_Phonetische_Fehler\generate_phonetic_mistakes\res\audio_dirty\survey_audio_noisy\survey_noisy_23.wav,1999,0.9886792302131653, Nineteen hundred. Nineteen nine.,0.9862784147262573
91384bf9-7241-4d94-a762-4dbd73d7970d,C:\Users\lukas\Documents\Universitaet\Projektmodul_Data_Engineering_Phonetische_Fehler\generate_phonetic_mistakes\res\audio_clean\survey_audio_clean_ncvoter\survey_clean_33.wav,forces,0.991600513458252, for safe.,0.9962764382362366
91384bf9-7241-4d94-a762-4dbd73d7970d,C:\Users\lukas\Documents\Universitaet\Projektmodul_Data_Engineering_Phonetische_Fehler\generate_phonetic_mistakes\res\audio_dirty\survey_audio_noisy_ncvoter\survey_noisy_3.wav,89,0.9793962240219116, I want to rock right now.,0.9800344705581665
91384bf9-7241-4d94-a762-4dbd73d7970d,C:\Users\lukas\Documents\Universitaet\Projektmodul_Data_Engineering_Phonetische_Fehler\generate_phonetic_mistakes\res\audio_dirty\survey_audio_noisy\survey_noisy_20.wav,2017,0.9835957884788513, 2013,0.9829006195068359
91384bf9-7241-4d94-a762-4dbd73d7970d,C:\Users\lukas\Documents\Universitaet\Projektmodul_Data_Engineering_Phonetische_Fehler\generate_phonetic_mistakes\res\audio_dirty\survey_audio_noisy_ncvoter\survey_noisy_10.wav,widely,0.9513424634933472, wait and,0.9395144581794739
91384bf9-7241-4d94-a762-4dbd73d7970d,C:\Users\lukas\Documents\Universitaet\Projektmodul_Data_Engineering_Phonetische_Fehler\generate_phonetic_mistakes\res\audio_dirty\survey_audio_noisy\survey_noisy_22.wav,charity,0.9577261805534363, Charity,0.9577261805534363
91384bf9-7241-4d94-a762-4dbd73d7970d,,2015,, 2015.,
91384bf9-7241-4d94-a762-4dbd73d7970d,,2023,, 2000. Id be free.,
91384bf9-7241-4d94-a762-4dbd73d7970d,C:\Users\lukas\Documents\Universitaet\Projektmodul_Data_Engineering_Phonetische_Fehler\generate_phonetic_mistakes\res\audio_dirty\survey_audio_noisy\survey_noisy_14.wav,2014,0.9716079831123352, seewel eternivou te,0.9730066657066345
91384bf9-7241-4d94-a762-4dbd73d7970d,C:\Users\lukas\Documents\Universitaet\Projektmodul_Data_Engineering_Phonetische_Fehler\generate_phonetic_mistakes\res\audio_dirty\survey_audio_noisy\survey_noisy_8.wav,2020,0.9656670689582825, Peace out and Tony.,0.961514413356781
91384bf9-7241-4d94-a762-4dbd73d7970d,,james edward barron,, James Edward Barron,
91384bf9-7241-4d94-a762-4dbd73d7970d,C:\Users\lukas\Documents\Universitaet\Projektmodul_Data_Engineering_Phonetische_Fehler\generate_phonetic_mistakes\res\audio_dirty\survey_audio_noisy\survey_noisy_29.wav,2021,0.9704742431640625," 5,000.1",0.9670503735542297
91384bf9-7241-4d94-a762-4dbd73d7970d,,42 editora,," 4,2,8,2,1.",
91384bf9-7241-4d94-a762-4dbd73d7970d,,outryville,, Outroll youville,
e1c9e960-aa9a-424b-9d13-25a2b1c4f320,C:\Users\lukas\Documents\Universitaet\Projektmodul_Data_Engineering_Phonetische_Fehler\generate_phonetic_mistakes\res\audio_dirty\survey_audio_noisy\survey_noisy_21.wav,Jedi,0.9829623699188232, J-Mail.,0.9832804203033447
e1c9e960-aa9a-424b-9d13-25a2b1c4f320,C:\Users\lukas\Documents\Universitaet\Projektmodul_Data_Engineering_Phonetische_Fehler\generate_phonetic_mistakes\res\audio_dirty\survey_audio_noisy_ncvoter\survey_noisy_35.wav,Ethan,0.9785925149917603, Ethan Glenn Cumberton.,0.9797723889350891
e1c9e960-aa9a-424b-9d13-25a2b1c4f320,,autreewil,, Outroll youville,
e1c9e960-aa9a-424b-9d13-25a2b1c4f320,C:\Users\lukas\Documents\Universitaet\Projektmodul_Data_Engineering_Phonetische_Fehler\generate_phonetic_mistakes\res\audio_dirty\survey_audio_noisy\survey_noisy_6.wav,... contribution,0.9707603454589844, The Edibles Church Lobuestion...,0.9713438749313354
e1c9e960-aa9a-424b-9d13-25a2b1c4f320,C:\Users\lukas\Documents\Universitaet\Projektmodul_Data_Engineering_Phonetische_Fehler\generate_phonetic_mistakes\res\audio_dirty\survey_audio_noisy_ncvoter\survey_noisy_29.wav,basil,0.9659111499786377, Hazel.,0.9689363241195679
e1c9e960-aa9a-424b-9d13-25a2b1c4f320,C:\Users\lukas\Documents\Universitaet\Projektmodul_Data_Engineering_Phonetische_Fehler\generate_phonetic_mistakes\res\audio_dirty\survey_audio_noisy_ncvoter\survey_noisy_22.wav,vauldies,0.9700546264648438, Valdies.,0.9693810939788818
e1c9e960-aa9a-424b-9d13-25a2b1c4f320,,2015,, 2015.,
e1c9e960-aa9a-424b-9d13-25a2b1c4f320,C:\Users\lukas\Documents\Universitaet\Projektmodul_Data_Engineering_Phonetische_Fehler\generate_phonetic_mistakes\res\audio_dirty\survey_audio_noisy\survey_noisy_19.wav,Martha Dory,0.9798056483268738, Montadori,0.9794591665267944
e1c9e960-aa9a-424b-9d13-25a2b1c4f320,C:\Users\lukas\Documents\Universitaet\Projektmodul_Data_Engineering_Phonetische_Fehler\generate_phonetic_mistakes\res\audio_dirty\survey_audio_noisy_ncvoter\survey_noisy_30.wav,two three seven,0.9612848162651062, Orum D.,0.9665483236312866
e1c9e960-aa9a-424b-9d13-25a2b1c4f320,,Alice39s adventures in the nude,, Alices adventures in Wunderland.,
e1c9e960-aa9a-424b-9d13-25a2b1c4f320,C:\Users\lukas\Documents\Universitaet\Projektmodul_Data_Engineering_Phonetische_Fehler\generate_phonetic_mistakes\res\audio_dirty\survey_audio_noisy\survey_noisy_29.wav,2021,0.9704742431640625," 5,000.1",0.9670503735542297
e1c9e960-aa9a-424b-9d13-25a2b1c4f320,C:\Users\lukas\Documents\Universitaet\Projektmodul_Data_Engineering_Phonetische_Fehler\generate_phonetic_mistakes\res\audio_dirty\survey_audio_noisy\survey_noisy_20.wav,2017,0.9835957884788513, 2013,0.9829006195068359
e1c9e960-aa9a-424b-9d13-25a2b1c4f320,C:\Users\lukas\Documents\Universitaet\Projektmodul_Data_Engineering_Phonetische_Fehler\generate_phonetic_mistakes\res\audio_dirty\survey_audio_noisy\survey_noisy_8.wav,2020,0.9656670689582825, Peace out and Tony.,0.961514413356781
e1c9e960-aa9a-424b-9d13-25a2b1c4f320,,James Edward Baron,, James Edward Barron,
e1c9e960-aa9a-424b-9d13-25a2b1c4f320,,Olyssus,,esses,
e1c9e960-aa9a-424b-9d13-25a2b1c4f320,C:\Users\lukas\Documents\Universitaet\Projektmodul_Data_Engineering_Phonetische_Fehler\generate_phonetic_mistakes\res\audio_dirty\survey_audio_noisy\survey_noisy_23.wav,1999,0.9886792302131653, Nineteen hundred. Nineteen nine.,0.9862784147262573
e1c9e960-aa9a-424b-9d13-25a2b1c4f320,C:\Users\lukas\Documents\Universitaet\Projektmodul_Data_Engineering_Phonetische_Fehler\generate_phonetic_mistakes\res\audio_dirty\survey_audio_noisy_ncvoter\survey_noisy_34.wav,45,0.9618918895721436, Optifide,0.9658752679824829
e1c9e960-aa9a-424b-9d13-25a2b1c4f320,C:\Users\lukas\Documents\Universitaet\Projektmodul_Data_Engineering_Phonetische_Fehler\generate_phonetic_mistakes\res\audio_dirty\survey_audio_noisy\survey_noisy_5.wav,2050,0.9590198397636414, 2050,0.9590198397636414
e1c9e960-aa9a-424b-9d13-25a2b1c4f320,C:\Users\lukas\Documents\Universitaet\Projektmodul_Data_Engineering_Phonetische_Fehler\generate_phonetic_mistakes\res\audio_dirty\survey_audio_noisy_ncvoter\survey_noisy_11.wav,58,0.9814648032188416, Fessy family,0.983587920665741
5d70c04d-429f-410c-a8ac-9c9971f77397,C:\Users\lukas\Documents\Universitaet\Projektmodul_Data_Engineering_Phonetische_Fehler\generate_phonetic_mistakes\res\audio_dirty\survey_audio_noisy_ncvoter\survey_noisy_21.wav,blur,0.9811777472496033, Blurr.,0.9843337535858154
5d70c04d-429f-410c-a8ac-9c9971f77397,C:\Users\lukas\Documents\Universitaet\Projektmodul_Data_Engineering_Phonetische_Fehler\generate_phonetic_mistakes\res\audio_dirty\survey_audio_noisy\survey_noisy_20.wav,2017,0.9835957884788513, 2013,0.9829006195068359
5d70c04d-429f-410c-a8ac-9c9971f77397,,photo editor,," 4,2,8,2,1.",
5d70c04d-429f-410c-a8ac-9c9971f77397,C:\Users\lukas\Documents\Universitaet\Projektmodul_Data_Engineering_Phonetische_Fehler\generate_phonetic_mistakes\res\audio_dirty\survey_audio_noisy\survey_noisy_19.wav,mandatory,0.9831334352493286, Montadori,0.9794591665267944
5d70c04d-429f-410c-a8ac-9c9971f77397,C:\Users\lukas\Documents\Universitaet\Projektmodul_Data_Engineering_Phonetische_Fehler\generate_phonetic_mistakes\res\audio_dirty\survey_audio_noisy_ncvoter\survey_noisy_12.wav,math or ...,0.9736986756324768, Metal Remind Maze,0.9746491312980652
5d70c04d-429f-410c-a8ac-9c9971f77397,C:\Users\lukas\Documents\Universitaet\Projektmodul_Data_Engineering_Phonetische_Fehler\generate_phonetic_mistakes\res\audio_dirty\survey_audio_noisy\survey_noisy_11.wav,2019,0.9815256595611572, 2090.,0.9802906513214111
5d70c04d-429f-410c-a8ac-9c9971f77397,C:\Users\lukas\Documents\Universitaet\Projektmodul_Data_Engineering_Phonetische_Fehler\generate_phonetic_mistakes\res\audio_dirty\survey_audio_noisy_ncvoter\survey_noisy_10.wav,vitally,0.9469344615936279, wait and,0.9395144581794739
5d70c04d-429f-410c-a8ac-9c9971f77397,C:\Users\lukas\Documents\Universitaet\Projektmodul_Data_Engineering_Phonetische_Fehler\generate_phonetic_mistakes\res\audio_dirty\survey_audio_noisy_ncvoter\survey_noisy_4.wav,Robert Philip Hammer,0.980560839176178, Robert Philip Hamill,0.9813218116760254
5d70c04d-429f-410c-a8ac-9c9971f77397,C:\Users\lukas\Documents\Universitaet\Projektmodul_Data_Engineering_Phonetische_Fehler\generate_phonetic_mistakes\res\audio_dirty\survey_audio_noisy_ncvoter\survey_noisy_25.wav,gong gung,0.9670041799545288, Vomabpad.,0.9662705063819885
5d70c04d-429f-410c-a8ac-9c9971f77397,,forces,, Forces,
cb8c8e8b-d8c2-4eaf-a0d5-da4551d9ecf3,C:\Users\lukas\Documents\Universitaet\Projektmodul_Data_Engineering_Phonetische_Fehler\generate_phonetic_mistakes\res\audio_clean\survey_audio_clean_ncvoter\survey_clean_20.wav,sereki oil,0.9951019287109375, Sarah K. Hoyle.,0.9960154294967651
cb8c8e8b-d8c2-4eaf-a0d5-da4551d9ecf3,C:\Users\lukas\Documents\Universitaet\Projektmodul_Data_Engineering_Phonetische_Fehler\generate_phonetic_mistakes\res\audio_dirty\survey_audio_noisy_ncvoter\survey_noisy_30.wav,focus sarah,0.9593842029571533, Orum D.,0.9665483236312866
cb8c8e8b-d8c2-4eaf-a0d5-da4551d9ecf3,C:\Users\lukas\Documents\Universitaet\Projektmodul_Data_Engineering_Phonetische_Fehler\generate_phonetic_mistakes\res\audio_dirty\survey_audio_noisy\survey_noisy_29.wav,10021,0.968715488910675," 5,000.1",0.9670503735542297
cb8c8e8b-d8c2-4eaf-a0d5-da4551d9ecf3,C:\Users\lukas\Documents\Universitaet\Projektmodul_Data_Engineering_Phonetische_Fehler\generate_phonetic_mistakes\res\audio_dirty\survey_audio_noisy_ncvoter\survey_noisy_14.wav,to ko oh,0.9729093313217163, 10 quarts.,0.9709832668304443
cb8c8e8b-d8c2-4eaf-a0d5-da4551d9ecf3,C:\Users\lukas\Documents\Universitaet\Projektmodul_Data_Engineering_Phonetische_Fehler\generate_phonetic_mistakes\res\audio_dirty\survey_audio_noisy\survey_noisy_4.wav,nord gone insulic,0.9795712232589722, nor gong in sudeck,0.9786485433578491
cb8c8e8b-d8c2-4eaf-a0d5-da4551d9ecf3,,2015,, 2015.,
cb8c8e8b-d8c2-4eaf-a0d5-da4551d9ecf3,C:\Users\lukas\Documents\Universitaet\Projektmodul_Data_Engineering_Phonetische_Fehler\generate_phonetic_mistakes\res\audio_dirty\survey_audio_noisy\survey_noisy_6.wav,the,0.9718989133834839, The Edibles Church Lobuestion...,0.9713438749313354
cb8c8e8b-d8c2-4eaf-a0d5-da4551d9ecf3,,Alice adventures in Blueland,, Alices adventures in Wunderland.,
cb8c8e8b-d8c2-4eaf-a0d5-da4551d9ecf3,C:\Users\lukas\Documents\Universitaet\Projektmodul_Data_Engineering_Phonetische_Fehler\generate_phonetic_mistakes\res\audio_dirty\survey_audio_noisy\survey_noisy_21.wav,gmail,0.9846688508987427, J-Mail.,0.9832804203033447
299e0770-5e36-4d04-bcca-b28be421d363,C:\Users\lukas\Documents\Universitaet\Projektmodul_Data_Engineering_Phonetische_Fehler\generate_phonetic_mistakes\res\audio_dirty\survey_audio_noisy\survey_noisy_22.wav,Richard do!,0.9628351330757141, Charity,0.9577261805534363
299e0770-5e36-4d04-bcca-b28be421d363,C:\Users\lukas\Documents\Universitaet\Projektmodul_Data_Engineering_Phonetische_Fehler\generate_phonetic_mistakes\res\audio_dirty\survey_audio_noisy\survey_noisy_12.wav,Treasure,0.9616277813911438, Treasurer Fight !,0.9682415127754211
299e0770-5e36-4d04-bcca-b28be421d363,C:\Users\lukas\Documents\Universitaet\Projektmodul_Data_Engineering_Phonetische_Fehler\generate_phonetic_mistakes\res\audio_dirty\survey_audio_noisy_ncvoter\survey_noisy_35.wav,Ethan Quancambuthen,0.9827477335929871, Ethan Glenn Cumberton.,0.9797723889350891
299e0770-5e36-4d04-bcca-b28be421d363,C:\Users\lukas\Documents\Universitaet\Projektmodul_Data_Engineering_Phonetische_Fehler\generate_phonetic_mistakes\res\audio_dirty\survey_audio_noisy\survey_noisy_19.wav,Matadore,0.9870257377624512, Montadori,0.9794591665267944
299e0770-5e36-4d04-bcca-b28be421d363,C:\Users\lukas\Documents\Universitaet\Projektmodul_Data_Engineering_Phonetische_Fehler\generate_phonetic_mistakes\res\audio_dirty\survey_audio_noisy_ncvoter\survey_noisy_12.wav,Medical remedies,0.9717869758605957, Metal Remind Maze,0.9746491312980652
299e0770-5e36-4d04-bcca-b28be421d363,,Forces,, Forces,
299e0770-5e36-4d04-bcca-b28be421d363,C:\Users\lukas\Documents\Universitaet\Projektmodul_Data_Engineering_Phonetische_Fehler\generate_phonetic_mistakes\res\audio_dirty\survey_audio_noisy_ncvoter\survey_noisy_25.wav,Pumpgun,0.9728506803512573, Vomabpad.,0.9662705063819885
299e0770-5e36-4d04-bcca-b28be421d363,C:\Users\lukas\Documents\Universitaet\Projektmodul_Data_Engineering_Phonetische_Fehler\generate_phonetic_mistakes\res\audio_dirty\survey_audio_noisy_ncvoter\survey_noisy_34.wav,up the five,0.965522289276123, Optifide,0.9658752679824829
f6d1bb43-ba51-4514-95db-4589b7b7b980,C:\Users\lukas\Documents\Universitaet\Projektmodul_Data_Engineering_Phonetische_Fehler\generate_phonetic_mistakes\res\audio_dirty\survey_audio_noisy\survey_noisy_20.wav,2017,0.9835957884788513, 2013,0.9829006195068359
f6d1bb43-ba51-4514-95db-4589b7b7b980,C:\Users\lukas\Documents\Universitaet\Projektmodul_Data_Engineering_Phonetische_Fehler\generate_phonetic_mistakes\res\audio_dirty\survey_audio_noisy\survey_noisy_5.wav,2015,0.9563405513763428, 2050,0.9590198397636414
f6d1bb43-ba51-4514-95db-4589b7b7b980,,42 editor,," 4,2,8,2,1.",
f6d1bb43-ba51-4514-95db-4589b7b7b980,,James Edward Barron,, James Edward Barron,
f6d1bb43-ba51-4514-95db-4589b7b7b980,C:\Users\lukas\Documents\Universitaet\Projektmodul_Data_Engineering_Phonetische_Fehler\generate_phonetic_mistakes\res\audio_dirty\survey_audio_noisy\survey_noisy_1.wav,lulu prasling,0.9770738482475281, Lulu pressing.,0.9756301045417786
f6d1bb43-ba51-4514-95db-4589b7b7b980,C:\Users\lukas\Documents\Universitaet\Projektmodul_Data_Engineering_Phonetische_Fehler\generate_phonetic_mistakes\res\audio_dirty\survey_audio_noisy\survey_noisy_24.wav,moped,0.973575234413147, moping,0.9735550284385681
f6d1bb43-ba51-4514-95db-4589b7b7b980,C:\Users\lukas\Documents\Universitaet\Projektmodul_Data_Engineering_Phonetische_Fehler\generate_phonetic_mistakes\res\audio_dirty\survey_audio_noisy\survey_noisy_10.wav,poorny letrien,0.9868860244750977, One electric.,0.9874310493469238
f6d1bb43-ba51-4514-95db-4589b7b7b980,C:\Users\lukas\Documents\Universitaet\Projektmodul_Data_Engineering_Phonetische_Fehler\generate_phonetic_mistakes\res\audio_dirty\survey_audio_noisy_ncvoter\survey_noisy_13.wav,cubbarest,0.9612168073654175, cup arrest.,0.965297520160675
f6d1bb43-ba51-4514-95db-4589b7b7b980,C:\Users\lukas\Documents\Universitaet\Projektmodul_Data_Engineering_Phonetische_Fehler\generate_phonetic_mistakes\res\audio_dirty\survey_audio_noisy\survey_noisy_23.wav,1999,0.9886792302131653, Nineteen hundred. Nineteen nine.,0.9862784147262573
f6d1bb43-ba51-4514-95db-4589b7b7b980,C:\Users\lukas\Documents\Universitaet\Projektmodul_Data_Engineering_Phonetische_Fehler\generate_phonetic_mistakes\res\audio_dirty\survey_audio_noisy_ncvoter\survey_noisy_15.wav,69,0.9881576895713806, Text inite.,0.993506133556366
f6d1bb43-ba51-4514-95db-4589b7b7b980,C:\Users\lukas\Documents\Universitaet\Projektmodul_Data_Engineering_Phonetische_Fehler\generate_phonetic_mistakes\res\audio_dirty\survey_audio_noisy\survey_noisy_9.wav,the adventures of datenswille,0.9768568277359009, The Adventures of Times Square,0.9768728613853455
f6d1bb43-ba51-4514-95db-4589b7b7b980,C:\Users\lukas\Documents\Universitaet\Projektmodul_Data_Engineering_Phonetische_Fehler\generate_phonetic_mistakes\res\audio_dirty\survey_audio_noisy_ncvoter\survey_noisy_4.wav,"Robert, Philipp, Pamela",0.9815952777862549, Robert Philip Hamill,0.9813218116760254
f6d1bb43-ba51-4514-95db-4589b7b7b980,C:\Users\lukas\Documents\Universitaet\Projektmodul_Data_Engineering_Phonetische_Fehler\generate_phonetic_mistakes\res\audio_dirty\survey_audio_noisy_ncvoter\survey_noisy_29.wav,Hasel,0.9698321223258972, Hazel.,0.9689363241195679
