"userId","file","source","humanCloseness","heardText","misheardText","misinterpretationLikelihood","originalAudioText","originalAudioRealism","submittedAt"
"20b7da9e-7510-49b9-b329-2471910d18db","survey_noisy_20.wav","A real human","8","2017"," 2013","1","2017","8","2026-09-19T17:34:32.802Z"
"20b7da9e-7510-49b9-b329-2471910d18db","a9f22408-b802-4e4e-a3a4-d7fe2c9a0051_313.wav","A real human","10","Forces"," Forces","10","FORSYTH","3","2026-09-19T17:36:58.631Z"
"20b7da9e-7510-49b9-b329-2471910d18db","survey_noisy_3.wav","A real human","8","59"," I want to rock right now.","1","49","5","2026-09-19T17:38:18.317Z"
"20b7da9e-7510-49b9-b329-2471910d18db","survey_noisy_11.wav","A real human","10","2090"," 2090.","10","2019","9","2026-09-19T17:39:41.787Z"
"20b7da9e-7510-49b9-b329-2471910d18db","survey_noisy_12.wav","Text To Speech","2","Treasure Eye"," Treasurer Fight !","2","Treasure Island","5","2026-09-19T17:40:54.586Z"
"20b7da9e-7510-49b9-b329-2471910d18db","survey_noisy_12.wav","Text To Speech","6","Metal remind Miss"," Metal Remind Maze","9","MICHAEL RAMON MEARS","10","2026-09-19T17:42:59.471Z"
"20b7da9e-7510-49b9-b329-2471910d18db","a9f22408-b802-4e4e-a3a4-d7fe2c9a0051_468.wav","A real human","10","Ulysses","esses","1","Ulysses","10","2026-09-19T17:44:30.238Z"
"20b7da9e-7510-49b9-b329-2471910d18db","survey_noisy_35.wav","A real human","10","Ethan Grand Cumpleton"," Ethan Glenn Cumberton.","7","ETHAN GLENN CONGLETON","7","2026-09-19T17:45:56.100Z"
"20b7da9e-7510-49b9-b329-2471910d18db","survey_noisy_13.wav","A real human","10","Cupperes"," cup arrest.","10","CABARRUS","10","2026-09-19T17:47:20.736Z"
"20b7da9e-7510-49b9-b329-2471910d18db","a9f22408-b802-4e4e-a3a4-d7fe2c9a0051_431.wav","A real human","10","2015"," 2015.","10","2015","10","2026-09-19T17:48:12.449Z"
"20b7da9e-7510-49b9-b329-2471910d18db","survey_noisy_34.wav","A real human","10","Hopptyfive"," Optifide","10","45","1","2026-09-19T17:49:32.622Z"
"20b7da9e-7510-49b9-b329-2471910d18db","survey_noisy_10.wav","A real human","10","One electoree"," One electric.","2","Wolne Lektury","10","2026-09-19T17:51:14.479Z"
"20b7da9e-7510-49b9-b329-2471910d18db","survey_noisy_11.wav","A real human","10","58"," Fessy family","1","58","10","2026-09-19T17:51:38.644Z"
"20b7da9e-7510-49b9-b329-2471910d18db","survey_noisy_4.wav","A real human","10","Robert Philipp Hamill"," Robert Philip Hamill","10","ROBERT PHILIP HERRMANN","7","2026-09-19T17:52:50.410Z"
"20b7da9e-7510-49b9-b329-2471910d18db","survey_noisy_15.wav","Text To Speech","8","Text denied"," Text inite.","4","69","1","2026-09-19T17:54:09.948Z"
"20b7da9e-7510-49b9-b329-2471910d18db","a9f22408-b802-4e4e-a3a4-d7fe2c9a0051_337.wav","A real human","10","38"," 38","10","38","10","2026-09-19T17:54:47.562Z"
"20b7da9e-7510-49b9-b329-2471910d18db","survey_noisy_21.wav","A real human","8","Denied"," J-Mail.","2","Jane Eyre","2","2026-09-19T17:57:04.407Z"
"5cf42987-186c-4fdc-8f11-0bfef7c033f4","survey_noisy_31.wav","Text To Speech","5","donald h di brten"," Donald Monique Bruton","2","DONNELL DOMINIQUE BRUTON","1","2026-09-19T19:13:32.926Z"
"5cf42987-186c-4fdc-8f11-0bfef7c033f4","survey_noisy_16.wav","A real human","7","cam university press"," came at University Press.","8","Cambridge University Press","4","2026-09-19T19:15:12.757Z"
"5cf42987-186c-4fdc-8f11-0bfef7c033f4","survey_noisy_18.wav","A real human","8","wuthering heigh"," wandering height.","3","Wuthering Heights","7","2026-09-19T19:16:33.927Z"
"5cf42987-186c-4fdc-8f11-0bfef7c033f4","survey_noisy_10.wav","Text To Speech","5","wye valley"," wait and","2","WHITEVILLE","2","2026-09-19T19:17:36.455Z"
"5cf42987-186c-4fdc-8f11-0bfef7c033f4","survey_noisy_3.wav","A real human","8","alices adventures in wonderland"," Alices adventures in Wunderland.","9","Alices Adventures in Wonderland","6","2026-09-19T19:20:43.913Z"
"5cf42987-186c-4fdc-8f11-0bfef7c033f4","survey_noisy_14.wav","Text To Speech","7","dont cook"," 10 quarts.","1","CONCORD","1","2026-09-19T19:33:24.169Z"
"5cf42987-186c-4fdc-8f11-0bfef7c033f4","survey_noisy_1.wav","A real human","8","lull rosing"," Lulu pressing.","5","Lulu Press, Inc.","7","2026-09-19T19:34:43.666Z"
"5cf42987-186c-4fdc-8f11-0bfef7c033f4","survey_noisy_30.wav","Text To Speech","5","cookie setting"," Orum D.","1","47","1","2026-09-19T19:35:33.020Z"
"5cf42987-186c-4fdc-8f11-0bfef7c033f4","survey_noisy_2.wav","Text To Speech","2","20mill3"," 2000. Id be free.","1","2023","1","2026-09-19T19:36:46.960Z"
"5cf42987-186c-4fdc-8f11-0bfef7c033f4","survey_noisy_20.wav","A real human","9","sarah kay boyle"," Sarah K. Hoyle.","9","SARAH KAY HOYLE","10","2026-09-19T19:37:56.437Z"
"5cf42987-186c-4fdc-8f11-0bfef7c033f4","survey_noisy_5.wav","A real human","8","2050"," 2050","10","2015","8","2026-09-19T19:39:33.487Z"
"5cf42987-186c-4fdc-8f11-0bfef7c033f4","a9f22408-b802-4e4e-a3a4-d7fe2c9a0051_472.wav","A real human","6","james edward barron"," James Edward Barron","9","JAMES EDWARD BERRONG","10","2026-09-19T19:40:46.402Z"
"91384bf9-7241-4d94-a762-4dbd73d7970d","survey_noisy_25.wav","A real human","10","on vox international"," on Box International.","9","Om Books International","4","2026-09-19T21:32:23.690Z"
"91384bf9-7241-4d94-a762-4dbd73d7970d","survey_noisy_21.wav","A real human","8","jean air"," J-Mail.","10","Jane Eyre","10","2026-09-19T21:35:54.115Z"
"91384bf9-7241-4d94-a762-4dbd73d7970d","a9f22408-b802-4e4e-a3a4-d7fe2c9a0051_337.wav","A real human","10","38"," 38","10","38","10","2026-09-19T21:41:09.102Z"
"91384bf9-7241-4d94-a762-4dbd73d7970d","survey_noisy_17.wav","A real human","9","2024"," whove else, and then 24?","3","2024","10","2026-09-19T21:42:08.178Z"
"91384bf9-7241-4d94-a762-4dbd73d7970d","survey_noisy_18.wav","A real human","9","withering height"," wandering height.","8","Wuthering Heights","7","2026-09-19T21:43:34.499Z"
"91384bf9-7241-4d94-a762-4dbd73d7970d","a9f22408-b802-4e4e-a3a4-d7fe2c9a0051_313.wav","A real human","9","forces"," Forces","10","FORSYTH","5","2026-09-19T21:47:06.646Z"
"91384bf9-7241-4d94-a762-4dbd73d7970d","a9f22408-b802-4e4e-a3a4-d7fe2c9a0051_468.wav","A real human","10","Ulysses","esses","1","Ulysses","10","2026-09-19T21:48:23.295Z"
"91384bf9-7241-4d94-a762-4dbd73d7970d","survey_noisy_0.wav","Text To Speech","8","concilde"," Von Gilda","8","Don Quixote","1","2026-09-19T21:52:07.505Z"
"91384bf9-7241-4d94-a762-4dbd73d7970d","survey_noisy_15.wav","A real human","8","69"," Text inite.","9","69","10","2026-09-19T21:54:50.031Z"
"91384bf9-7241-4d94-a762-4dbd73d7970d","survey_noisy_34.wav","Text To Speech","8","up to five"," Optifide","5","45","7","2026-09-19T21:56:23.056Z"
"91384bf9-7241-4d94-a762-4dbd73d7970d","survey_noisy_22.wav","A real human","9","for all these"," Valdies.","10","VALDESE","10","2026-09-19T21:57:32.031Z"
"91384bf9-7241-4d94-a762-4dbd73d7970d","survey_noisy_14.wav","A real human","10","don quichote"," 10 quarts.","9","CONCORD","2","2026-09-19T21:59:10.446Z"
"91384bf9-7241-4d94-a762-4dbd73d7970d","survey_noisy_19.wav","Text To Speech","8","mandatory"," Montadori","9","Mondadori","9","2026-09-19T22:00:26.494Z"
"91384bf9-7241-4d94-a762-4dbd73d7970d","survey_noisy_1.wav","A real human","9","lulu press inc."," Lulu pressing.","10","Lulu Press, Inc.","10","2026-09-19T22:01:54.813Z"
"91384bf9-7241-4d94-a762-4dbd73d7970d","survey_noisy_4.wav","A real human","8","nordicon inselect"," nor gong in sudeck","3","Norgunk Yaynclk","9","2026-09-19T22:04:31.931Z"
"91384bf9-7241-4d94-a762-4dbd73d7970d","survey_noisy_10.wav","A real human","10","uniliterally"," One electric.","9","Wolne Lektury","9","2026-09-19T22:07:21.487Z"
"91384bf9-7241-4d94-a762-4dbd73d7970d","survey_noisy_12.wav","A real human","9","metaphor remind mess"," Metal Remind Maze","4","MICHAEL RAMON MEARS","4","2026-09-19T22:10:25.794Z"
"91384bf9-7241-4d94-a762-4dbd73d7970d","survey_noisy_11.wav","A real human","9","2019"," 2090.","10","2019","10","2026-09-19T22:12:15.431Z"
"91384bf9-7241-4d94-a762-4dbd73d7970d","survey_noisy_4.wav","A real human","8","robert phillip hamil"," Robert Philip Hamill","10","ROBERT PHILIP HERRMANN","6","2026-09-19T22:13:57.432Z"
"91384bf9-7241-4d94-a762-4dbd73d7970d","survey_noisy_20.wav","Text To Speech","9","sarah k. hoyle"," Sarah K. Hoyle.","10","SARAH KAY HOYLE","10","2026-09-19T22:15:32.398Z"
"91384bf9-7241-4d94-a762-4dbd73d7970d","survey_noisy_30.wav","A real human","10","47"," Orum D.","1","47","10","2026-09-19T22:18:18.976Z"
"91384bf9-7241-4d94-a762-4dbd73d7970d","survey_noisy_16.wav","A real human","9","cambridge university press"," came at University Press.","6","Cambridge University Press","10","2026-09-19T22:19:42.336Z"
"91384bf9-7241-4d94-a762-4dbd73d7970d","survey_noisy_5.wav","Text To Speech","8","2050"," 2050","10","2015","7","2026-09-19T22:20:41.390Z"
"91384bf9-7241-4d94-a762-4dbd73d7970d","survey_noisy_9.wav","Text To Speech","5","you dont venture soft armsville"," The Adventures of Times Square","9","The Adventures of Tom Sawyer","8","2026-09-19T22:22:44.260Z"
"91384bf9-7241-4d94-a762-4dbd73d7970d","survey_noisy_13.wav","A real human","9","cabareth"," cup arrest.","9","CABARRUS","9","2026-09-19T22:24:46.668Z"
"91384bf9-7241-4d94-a762-4dbd73d7970d","survey_noisy_25.wav","Text To Speech","5","wong gungh"," Vomabpad.","1","BUNCOMBE","3","2026-09-19T22:27:17.079Z"
"91384bf9-7241-4d94-a762-4dbd73d7970d","survey_noisy_24.wav","Text To Speech","8","cannet dobby sanders"," Kenneth Douglas-And decade,","3","KENNETH DOUGLAS LANDRETH","5","2026-09-19T22:36:05.893Z"
"91384bf9-7241-4d94-a762-4dbd73d7970d","survey_noisy_11.wav","Text To Speech","8","58"," Fessy family","2","58","10","2026-09-19T22:37:25.595Z"
"91384bf9-7241-4d94-a762-4dbd73d7970d","survey_noisy_29.wav","A real human","9","hazel"," Hazel.","10","HAYESVILLE","8","2026-09-19T22:38:27.517Z"
"91384bf9-7241-4d94-a762-4dbd73d7970d","survey_noisy_12.wav","Text To Speech","6","treasure eight"," Treasurer Fight !","8","Treasure Island","10","2026-09-19T22:40:39.060Z"
"91384bf9-7241-4d94-a762-4dbd73d7970d","survey_noisy_38.wav","A real human","9","32"," the future","1","32","10","2026-09-19T22:41:42.920Z"
"91384bf9-7241-4d94-a762-4dbd73d7970d","survey_noisy_24.wav","A real human","7","moby dick"," moping","7","Moby Dick","10","2026-09-19T22:43:39.193Z"
"91384bf9-7241-4d94-a762-4dbd73d7970d","survey_noisy_35.wav","A real human","8","ethan glenn combleton"," Ethan Glenn Cumberton.","8","ETHAN GLENN CONGLETON","10","2026-09-19T22:45:02.434Z"
"91384bf9-7241-4d94-a762-4dbd73d7970d","survey_noisy_23.wav","A real human","10","1999"," Nineteen hundred. Nineteen nine.","7","1999","10","2026-09-19T22:47:02.732Z"
"91384bf9-7241-4d94-a762-4dbd73d7970d","survey_noisy_32.wav","A real human","9","forces"," for safe.","10","FORSYTH","10","2026-09-19T22:50:11.003Z"
"91384bf9-7241-4d94-a762-4dbd73d7970d","survey_noisy_3.wav","Text To Speech","8","89"," I want to rock right now.","5","49","2","2026-09-19T22:52:19.611Z"
"91384bf9-7241-4d94-a762-4dbd73d7970d","survey_noisy_20.wav","A real human","9","2017"," 2013","3","2017","10","2026-09-19T22:54:08.610Z"
"91384bf9-7241-4d94-a762-4dbd73d7970d","survey_noisy_10.wav","A real human","9","widely"," wait and","3","WHITEVILLE","4","2026-09-19T22:56:45.575Z"
"91384bf9-7241-4d94-a762-4dbd73d7970d","survey_noisy_22.wav","A real human","9","charity"," Charity","10","Ctedra","1","2026-09-19T22:58:37.442Z"
"91384bf9-7241-4d94-a762-4dbd73d7970d","a9f22408-b802-4e4e-a3a4-d7fe2c9a0051_431.wav","A real human","10","2015"," 2015.","10","2015","10","2026-09-19T22:59:59.518Z"
"91384bf9-7241-4d94-a762-4dbd73d7970d","survey_noisy_2.wav","A real human","10","2023"," 2000. Id be free.","5","2023","10","2026-09-19T23:01:40.700Z"
"91384bf9-7241-4d94-a762-4dbd73d7970d","survey_noisy_14.wav","Text To Speech","5","2014"," seewel eternivou te","4","2014","10","2026-09-19T23:03:19.774Z"
"91384bf9-7241-4d94-a762-4dbd73d7970d","survey_noisy_8.wav","A real human","8","2020"," Peace out and Tony.","8","2017","9","2026-09-19T23:04:56.643Z"
"91384bf9-7241-4d94-a762-4dbd73d7970d","a9f22408-b802-4e4e-a3a4-d7fe2c9a0051_472.wav","A real human","10","james edward barron"," James Edward Barron","10","JAMES EDWARD BERRONG","10","2026-09-19T23:07:24.946Z"
"91384bf9-7241-4d94-a762-4dbd73d7970d","survey_noisy_29.wav","A real human","9","2021"," 5,000.1","1","2021","10","2026-09-19T23:09:41.741Z"
"91384bf9-7241-4d94-a762-4dbd73d7970d","a9f22408-b802-4e4e-a3a4-d7fe2c9a0051_400.wav","A real human","10","42 editora"," 4,2,8,2,1.","2","Porto Editora","10","2026-09-19T23:11:01.762Z"
"91384bf9-7241-4d94-a762-4dbd73d7970d","a9f22408-b802-4e4e-a3a4-d7fe2c9a0051_364.wav","A real human","9","outryville"," Outroll youville","7","AUTRYVILLE","10","2026-09-19T23:12:33.319Z"
"e1c9e960-aa9a-424b-9d13-25a2b1c4f320","survey_noisy_21.wav","Text To Speech","4","Jedi"," J-Mail.","3","Jane Eyre","9","2026-09-22T11:39:50.438Z"
"e1c9e960-aa9a-424b-9d13-25a2b1c4f320","survey_noisy_35.wav","A real human","9","Ethan"," Ethan Glenn Cumberton.","10","ETHAN GLENN CONGLETON","10","2026-09-22T11:40:46.085Z"
"e1c9e960-aa9a-424b-9d13-25a2b1c4f320","a9f22408-b802-4e4e-a3a4-d7fe2c9a0051_364.wav","A real human","10","autreewil"," Outroll youville","1","AUTRYVILLE","10","2026-09-22T11:43:24.323Z"
"e1c9e960-aa9a-424b-9d13-25a2b1c4f320","survey_noisy_6.wav","A real human","7","... contribution"," The Edibles Church Lobuestion...","3","The Adventures of Huckleberry Finn","2","2026-09-22T11:44:23.148Z"
"e1c9e960-aa9a-424b-9d13-25a2b1c4f320","survey_noisy_29.wav","Text To Speech","2","basil"," Hazel.","5","HAYESVILLE","3","2026-09-22T11:46:04.040Z"
"e1c9e960-aa9a-424b-9d13-25a2b1c4f320","survey_noisy_22.wav","A real human","7","vauldies"," Valdies.","10","VALDESE","8","2026-09-22T11:46:40.746Z"
"e1c9e960-aa9a-424b-9d13-25a2b1c4f320","a9f22408-b802-4e4e-a3a4-d7fe2c9a0051_431.wav","Text To Speech","8","2015"," 2015.","10","2015","10","2026-09-22T11:48:37.817Z"
"e1c9e960-aa9a-424b-9d13-25a2b1c4f320","survey_noisy_19.wav","A real human","9","Martha Dory"," Montadori","9","Mondadori","9","2026-09-22T11:49:27.987Z"
"e1c9e960-aa9a-424b-9d13-25a2b1c4f320","survey_noisy_30.wav","Text To Speech","3","two three seven"," Orum D.","1","47","4","2026-09-22T11:50:14.406Z"
"e1c9e960-aa9a-424b-9d13-25a2b1c4f320","survey_noisy_3.wav","A real human","9","Alice39s adventures in the nude"," Alices adventures in Wunderland.","1","Alices Adventures in Wonderland","1","2026-09-22T11:53:36.795Z"
"e1c9e960-aa9a-424b-9d13-25a2b1c4f320","survey_noisy_29.wav","Text To Speech","7","2021"," 5,000.1","1","2021","10","2026-09-22T11:54:01.667Z"
"e1c9e960-aa9a-424b-9d13-25a2b1c4f320","survey_noisy_20.wav","Text To Speech","2","2017"," 2013","1","2017","9","2026-09-22T11:56:14.594Z"
"e1c9e960-aa9a-424b-9d13-25a2b1c4f320","survey_noisy_8.wav","A real human","8","2020"," Peace out and Tony.","2","2017","2","2026-09-22T11:56:38.666Z"
"e1c9e960-aa9a-424b-9d13-25a2b1c4f320","a9f22408-b802-4e4e-a3a4-d7fe2c9a0051_472.wav","A real human","9","James Edward Baron"," James Edward Barron","10","JAMES EDWARD BERRONG","10","2026-09-22T12:00:31.224Z"
"e1c9e960-aa9a-424b-9d13-25a2b1c4f320","a9f22408-b802-4e4e-a3a4-d7fe2c9a0051_468.wav","A real human","10","Olyssus","esses","1","Ulysses","10","2026-09-22T12:01:02.172Z"
"e1c9e960-aa9a-424b-9d13-25a2b1c4f320","survey_noisy_23.wav","Text To Speech","2","1999"," Nineteen hundred. Nineteen nine.","10","1999","10","2026-09-22T12:02:33.857Z"
"e1c9e960-aa9a-424b-9d13-25a2b1c4f320","survey_noisy_34.wav","A real human","8","45"," Optifide","6","45","7","2026-09-22T12:03:01.237Z"
"e1c9e960-aa9a-424b-9d13-25a2b1c4f320","survey_noisy_5.wav","Text To Speech","8","2050"," 2050","10","2015","6","2026-09-22T12:03:24.639Z"
"e1c9e960-aa9a-424b-9d13-25a2b1c4f320","survey_noisy_11.wav","Text To Speech","1","58"," Fessy family","1","58","10","2026-09-22T12:04:52.832Z"
"5d70c04d-429f-410c-a8ac-9c9971f77397","survey_noisy_21.wav","Text To Speech","7","blur"," Blurr.","7","BURKE","2","2026-09-22T13:14:53.972Z"
"5d70c04d-429f-410c-a8ac-9c9971f77397","survey_noisy_20.wav","A real human","8","2017"," 2013","3","2017","7","2026-09-22T13:15:41.535Z"
"5d70c04d-429f-410c-a8ac-9c9971f77397","a9f22408-b802-4e4e-a3a4-d7fe2c9a0051_400.wav","Text To Speech","4","photo editor"," 4,2,8,2,1.","1","Porto Editora","5","2026-09-22T13:16:40.546Z"
"5d70c04d-429f-410c-a8ac-9c9971f77397","survey_noisy_19.wav","Text To Speech","6","mandatory"," Montadori","7","Mondadori","5","2026-09-22T13:17:43.638Z"
"5d70c04d-429f-410c-a8ac-9c9971f77397","survey_noisy_12.wav","A real human","8","math or ..."," Metal Remind Maze","5","MICHAEL RAMON MEARS","3","2026-09-22T13:19:30.348Z"
"5d70c04d-429f-410c-a8ac-9c9971f77397","survey_noisy_11.wav","Text To Speech","6","2019"," 2090.","7","2019","7","2026-09-22T13:25:45.037Z"
"5d70c04d-429f-410c-a8ac-9c9971f77397","survey_noisy_10.wav","A real human","8","vitally"," wait and","2","WHITEVILLE","6","2026-09-22T13:26:51.020Z"
"5d70c04d-429f-410c-a8ac-9c9971f77397","survey_noisy_4.wav","A real human","8","Robert Philip Hammer"," Robert Philip Hamill","8","ROBERT PHILIP HERRMANN","4","2026-09-22T13:27:52.976Z"
"5d70c04d-429f-410c-a8ac-9c9971f77397","survey_noisy_25.wav","A real human","8","gong gung"," Vomabpad.","3","BUNCOMBE","3","2026-09-22T13:28:33.764Z"
"5d70c04d-429f-410c-a8ac-9c9971f77397","a9f22408-b802-4e4e-a3a4-d7fe2c9a0051_313.wav","Text To Speech","6","forces"," Forces","8","FORSYTH","6","2026-09-22T13:30:47.886Z"
"cb8c8e8b-d8c2-4eaf-a0d5-da4551d9ecf3","survey_noisy_20.wav","Text To Speech","7","sereki oil"," Sarah K. Hoyle.","7","SARAH KAY HOYLE","7","2026-09-22T12:26:17.103Z"
"cb8c8e8b-d8c2-4eaf-a0d5-da4551d9ecf3","survey_noisy_30.wav","Text To Speech","7","focus sarah"," Orum D.","2","47","2","2026-09-22T12:27:15.946Z"
"cb8c8e8b-d8c2-4eaf-a0d5-da4551d9ecf3","survey_noisy_29.wav","Text To Speech","8","10021"," 5,000.1","3","2021","5","2026-09-22T12:28:04.405Z"
"cb8c8e8b-d8c2-4eaf-a0d5-da4551d9ecf3","survey_noisy_14.wav","Text To Speech","3","to ko oh"," 10 quarts.","1","CONCORD","1","2026-09-22T12:28:44.375Z"
"cb8c8e8b-d8c2-4eaf-a0d5-da4551d9ecf3","survey_noisy_4.wav","Text To Speech","3","nord gone insulic"," nor gong in sudeck","4","Norgunk Yaynclk","1","2026-09-22T12:29:33.802Z"
"cb8c8e8b-d8c2-4eaf-a0d5-da4551d9ecf3","a9f22408-b802-4e4e-a3a4-d7fe2c9a0051_431.wav","Text To Speech","8","2015"," 2015.","10","2015","10","2026-09-22T12:30:03.184Z"
"cb8c8e8b-d8c2-4eaf-a0d5-da4551d9ecf3","survey_noisy_6.wav","Text To Speech","4","the"," The Edibles Church Lobuestion...","1","The Adventures of Huckleberry Finn","1","2026-09-22T12:30:44.851Z"
"cb8c8e8b-d8c2-4eaf-a0d5-da4551d9ecf3","survey_noisy_3.wav","Text To Speech","7","Alice adventures in Blueland"," Alices adventures in Wunderland.","4","Alices Adventures in Wonderland","4","2026-09-22T12:31:36.686Z"
"cb8c8e8b-d8c2-4eaf-a0d5-da4551d9ecf3","survey_noisy_21.wav","Text To Speech","7","gmail"," J-Mail.","8","Jane Eyre","3","2026-09-22T12:32:13.298Z"
"299e0770-5e36-4d04-bcca-b28be421d363","survey_noisy_22.wav","A real human","9","Richard do!"," Charity","3","Ctedra","7","2026-09-22T14:42:51.427Z"
"299e0770-5e36-4d04-bcca-b28be421d363","survey_noisy_12.wav","Text To Speech","2","Treasure"," Treasurer Fight !","9","Treasure Island","7","2026-09-22T14:43:28.742Z"
"299e0770-5e36-4d04-bcca-b28be421d363","survey_noisy_35.wav","Text To Speech","8","Ethan Quancambuthen"," Ethan Glenn Cumberton.","9","ETHAN GLENN CONGLETON","7","2026-09-22T14:44:19.584Z"
"299e0770-5e36-4d04-bcca-b28be421d363","survey_noisy_19.wav","Text To Speech","3","Matadore"," Montadori","7","Mondadori","5","2026-09-22T14:44:52.017Z"
"299e0770-5e36-4d04-bcca-b28be421d363","survey_noisy_12.wav","Text To Speech","5","Medical remedies"," Metal Remind Maze","4","MICHAEL RAMON MEARS","4","2026-09-22T14:47:15.976Z"
"299e0770-5e36-4d04-bcca-b28be421d363","a9f22408-b802-4e4e-a3a4-d7fe2c9a0051_313.wav","A real human","8","Forces"," Forces","10","FORSYTH","4","2026-09-22T14:47:40.222Z"
"299e0770-5e36-4d04-bcca-b28be421d363","survey_noisy_25.wav","A real human","9","Pumpgun"," Vomabpad.","2","BUNCOMBE","8","2026-09-22T14:48:15.542Z"
"299e0770-5e36-4d04-bcca-b28be421d363","survey_noisy_34.wav","Text To Speech","7","up the five"," Optifide","8","45","3","2026-09-22T14:50:36.361Z"
"f6d1bb43-ba51-4514-95db-4589b7b7b980","survey_noisy_20.wav","A real human","9","2017"," 2013","2","2017","9","2026-09-22T14:58:56.526Z"
"f6d1bb43-ba51-4514-95db-4589b7b7b980","survey_noisy_5.wav","Text To Speech","2","2015"," 2050","7","2015","8","2026-09-22T14:59:23.923Z"
"f6d1bb43-ba51-4514-95db-4589b7b7b980","a9f22408-b802-4e4e-a3a4-d7fe2c9a0051_400.wav","A real human","8","42 editor"," 4,2,8,2,1.","1","Porto Editora","5","2026-09-22T14:59:58.749Z"
"f6d1bb43-ba51-4514-95db-4589b7b7b980","a9f22408-b802-4e4e-a3a4-d7fe2c9a0051_472.wav","A real human","8","James Edward Barron"," James Edward Barron","10","JAMES EDWARD BERRONG","8","2026-09-22T15:00:26.914Z"
"f6d1bb43-ba51-4514-95db-4589b7b7b980","survey_noisy_1.wav","Text To Speech","3","lulu prasling"," Lulu pressing.","4","Lulu Press, Inc.","4","2026-09-22T15:01:04.591Z"
"f6d1bb43-ba51-4514-95db-4589b7b7b980","survey_noisy_24.wav","A real human","7","moped"," moping","3","Moby Dick","1","2026-09-22T15:01:28.712Z"
"f6d1bb43-ba51-4514-95db-4589b7b7b980","survey_noisy_10.wav","Text To Speech","4","poorny letrien"," One electric.","4","Wolne Lektury","8","2026-09-22T15:03:36.206Z"
"f6d1bb43-ba51-4514-95db-4589b7b7b980","survey_noisy_13.wav","Text To Speech","3","cubbarest"," cup arrest.","3","CABARRUS","8","2026-09-22T15:05:57.445Z"
"f6d1bb43-ba51-4514-95db-4589b7b7b980","survey_noisy_23.wav","A real human","9","1999"," Nineteen hundred. Nineteen nine.","8","1999","10","2026-09-22T15:06:18.191Z"
"f6d1bb43-ba51-4514-95db-4589b7b7b980","survey_noisy_15.wav","Text To Speech","8","69"," Text inite.","2","69","9","2026-09-22T15:06:36.348Z"
"f6d1bb43-ba51-4514-95db-4589b7b7b980","survey_noisy_9.wav","A real human","8","the adventures of datenswille"," The Adventures of Times Square","6","The Adventures of Tom Sawyer","4","2026-09-22T15:07:08.725Z"
"f6d1bb43-ba51-4514-95db-4589b7b7b980","survey_noisy_4.wav","Text To Speech","5","Robert, Philipp, Pamela"," Robert Philip Hamill","8","ROBERT PHILIP HERRMANN","6","2026-09-22T15:07:35.984Z"
"f6d1bb43-ba51-4514-95db-4589b7b7b980","survey_noisy_29.wav","Text To Speech","7","Hasel"," Hazel.","9","HAYESVILLE","4","2026-09-22T15:07:56.561Z"